id;firstname;surname;email;phone_number;street;house_number;zipcode;city;country;note
1;Steel Graphical User Interface;Personal Loan Account;"QVSFZi@cbIer.N";sky blue synergies;Rogahn Pines;94172;28475;North Audiechester;Saint Martin;open architecture Timor-Leste
2;Toys;navigating withdrawal Credit Card Account;"kNd@fZ.aSoNNS";Unbranded Pants;Lera Parks;65581;48849;North Elyssatown;Guadeloupe;silver engineer GB
3;transparent;back-end;"VZ@s.nJbCR";Cambridgeshire optimizing yellow;Dooley Alley;46052;46997;Port Darylfurt;South Africa;Synchronised Fantastic Fresh Table
4;end-to-end Cambridgeshire;Lari;"LTa@R.ah";AI Dynamic;Eduardo Coves;76953;886;East Modestoton;Algeria;Program
5;architecture;COM expedite Human;"ag@T.a";Directives Investor programming;Rath Motorway;87561;90688;Shanahanmouth;Cyprus;application
6;e-services Berkshire online;Baby;"YR@MNBS.UpECU";composite Ergonomic;Gennaro Fort;34010;68100;Hildafurt;Botswana;quantifying
7;groupware;support Ergonomic Soft Car adapter;"CYIKc@xI.M";Senegal portals;Clay Manor;10539;61263;Lake Marlene;Singapore;Senior Estates
8;Intelligent open-source;paradigm;"cTEcQr@EpNgYS.nfVHoF";HTTP bandwidth-monitored;Dickinson Trafficway;69424;19649;Lake Erinhaven;Aruba;hacking
9;discrete AI approach;Avon;"Fy@LO.R";Hungary cross-platform Licensed Concrete Ball;Ritchie Orchard;29681;27072;West Wilmashire;Indonesia;Awesome Plastic Shoes
10;high-level;Oklahoma;"ypc@djezO.Dcsk";index;Llewellyn Turnpike;57574;98404;Elianeview;Switzerland;Incredible Steel
